select * from tab;

TNAME                          TABTYPE  CLUSTERID                               
------------------------------ ------- ----------                               
APPLICANT                      TABLE                                            
CLIENT_MASTER                  TABLE                                            
DEPT                           TABLE                                            
DISTRIBUTOR                    TABLE                                            
DIST_ITEM                      TABLE                                            
EMP                            TABLE                                            
ENTRANCE_TEST                  TABLE                                            
ETEST_DETAILS                  TABLE                                            
GARBA                          TABLE                                            
ITEM                           TABLE                                            
PRODUCT_MASTER                 TABLE                                            

TNAME                          TABTYPE  CLUSTERID                               
------------------------------ ------- ----------                               
S                              TABLE                                            
SALESMAN_MASTER                TABLE                                            
SALES_ORDER                    TABLE                                            
SALES_ORDER_DETAILS            TABLE                                            
STUDENT_CONS                   TABLE                                            
STUDENT_TAB                    TABLE                                            

17 rows selected.

SQL> set linesize 500;
SQL> set pagesize 100;
SQL> -- 5. Delete all Products from Product_master where Quantity on Hand (Qty_Hand) is less than 50
SQL> select * from PRODUCT_MASTER;

P_NO  DESCRIPTION          PROFIT_PER UNIT         QTY_HAND   RE_ORDER     SELL_P     COST_P                                                                                                                                                                                                                                                                                                                                                                                                                        
----- -------------------- ---------- ---------- ---------- ---------- ---------- ----------                                                                                                                                                                                                                                                                                                                                                                                                                        
P001  T-SHIRT                       5 PIECE             200         50        350        250                                                                                                                                                                                                                                                                                                                                                                                                                        
P002  JEANS                         6 PIECE             250         40        500        350                                                                                                                                                                                                                                                                                                                                                                                                                        
P003  SKIRT                         6 PIECE             100         50        350        200                                                                                                                                                                                                                                                                                                                                                                                                                        
P004  SAREE                         3 PIECE             100         20        820        600                                                                                                                                                                                                                                                                                                                                                                                                                        
P005  Shirt                         4 Piece             300         60        450        300                                                                                                                                                                                                                                                                                                                                                                                                                        
P006  Kurta                         7 Piece             120         30        700        500                                                                                                                                                                                                                                                                                                                                                                                                                        
P007  Cap                           8 Piece             250         40        150         90                                                                                                                                                                                                                                                                                                                                                                                                                        
P008  Shoes                         5 Pair              180         50       1000        700                                                                                                                                                                                                                                                                                                                                                                                                                        
P009  Belt                          4 Piece             220         30        200        120                                                                                                                                                                                                                                                                                                                                                                                                                        
P010  Jacket                        6 Piece              80         20       1500       1000                                                                                                                                                                                                                                                                                                                                                                                                                        

10 rows selected.

SQL> delete from PRODUCT_MASTER where qty_hand > 100;
delete from PRODUCT_MASTER where qty_hand > 100
*
ERROR at line 1:
ORA-02292: integrity constraint (MCAB250013.SYS_C0032330) violated - child record found 


SQL> alter table Sales_Order_Details drop constraints SYS_C0032330;

Table altered.

SQL> delete from PRODUCT_MASTER where qty_hand > 100;

7 rows deleted.

SQL> roll back
Rollback complete.
SQL> select * from PRODUCT_MASTER;

P_NO  DESCRIPTION          PROFIT_PER UNIT         QTY_HAND   RE_ORDER     SELL_P     COST_P                                                                                                                                                                                                                                                                                                                                                                                                                        
----- -------------------- ---------- ---------- ---------- ---------- ---------- ----------                                                                                                                                                                                                                                                                                                                                                                                                                        
P001  T-SHIRT                       5 PIECE             200         50        350        250                                                                                                                                                                                                                                                                                                                                                                                                                        
P002  JEANS                         6 PIECE             250         40        500        350                                                                                                                                                                                                                                                                                                                                                                                                                        
P003  SKIRT                         6 PIECE             100         50        350        200                                                                                                                                                                                                                                                                                                                                                                                                                        
P004  SAREE                         3 PIECE             100         20        820        600                                                                                                                                                                                                                                                                                                                                                                                                                        
P005  Shirt                         4 Piece             300         60        450        300                                                                                                                                                                                                                                                                                                                                                                                                                        
P006  Kurta                         7 Piece             120         30        700        500                                                                                                                                                                                                                                                                                                                                                                                                                        
P007  Cap                           8 Piece             250         40        150         90                                                                                                                                                                                                                                                                                                                                                                                                                        
P008  Shoes                         5 Pair              180         50       1000        700                                                                                                                                                                                                                                                                                                                                                                                                                        
P009  Belt                          4 Piece             220         30        200        120                                                                                                                                                                                                                                                                                                                                                                                                                        
P010  Jacket                        6 Piece              80         20       1500       1000                                                                                                                                                                                                                                                                                                                                                                                                                        

10 rows selected.

SQL> delete from PRODUCT_MASTER where qty_hand < 100;

1 row deleted.

SQL> select * from PRODUCT_MASTER;

P_NO  DESCRIPTION          PROFIT_PER UNIT         QTY_HAND   RE_ORDER     SELL_P     COST_P                                                                                                                                                                                                                                                                                                                                                                                                                        
----- -------------------- ---------- ---------- ---------- ---------- ---------- ----------                                                                                                                                                                                                                                                                                                                                                                                                                        
P001  T-SHIRT                       5 PIECE             200         50        350        250                                                                                                                                                                                                                                                                                                                                                                                                                        
P002  JEANS                         6 PIECE             250         40        500        350                                                                                                                                                                                                                                                                                                                                                                                                                        
P003  SKIRT                         6 PIECE             100         50        350        200                                                                                                                                                                                                                                                                                                                                                                                                                        
P004  SAREE                         3 PIECE             100         20        820        600                                                                                                                                                                                                                                                                                                                                                                                                                        
P005  Shirt                         4 Piece             300         60        450        300                                                                                                                                                                                                                                                                                                                                                                                                                        
P006  Kurta                         7 Piece             120         30        700        500                                                                                                                                                                                                                                                                                                                                                                                                                        
P007  Cap                           8 Piece             250         40        150         90                                                                                                                                                                                                                                                                                                                                                                                                                        
P008  Shoes                         5 Pair              180         50       1000        700                                                                                                                                                                                                                                                                                                                                                                                                                        
P009  Belt                          4 Piece             220         30        200        120                                                                                                                                                                                                                                                                                                                                                                                                                        

9 rows selected.

SQL> -- 6. Change the details of the Client 'C003' as pincode  to 387903 and Occupation is 'Manager'
SQL> select * from client_master;

C_NO CLIENT_NAME             PINCODE BIRTH_DAT OCCUPATION                                                                                                                                                                                                                                                                                                                                                                                                                                                           
---- -------------------- ---------- --------- ------------------------------                                                                                                                                                                                                                                                                                                                                                                                                                                       
C001 Kajal Oza                380036 14-JUL-87 Manager                                                                                                                                                                                                                                                                                                                                                                                                                                                              
C002 Vraj Shah                380058 20-NOV-86 CEO                                                                                                                                                                                                                                                                                                                                                                                                                                                                  
C005 Preeti Patel             390040 28-FEB-71 Clerk                                                                                                                                                                                                                                                                                                                                                                                                                                                                

SQL> insert into client_master values('C003','Dhyan Dave',387903,'17-june-1988','Doctor');

1 row created.

SQL> select * from client_master;

C_NO CLIENT_NAME             PINCODE BIRTH_DAT OCCUPATION                                                                                                                                                                                                                                                                                                                                                                                                                                                           
---- -------------------- ---------- --------- ------------------------------                                                                                                                                                                                                                                                                                                                                                                                                                                       
C001 Kajal Oza                380036 14-JUL-87 Manager                                                                                                                                                                                                                                                                                                                                                                                                                                                              
C002 Vraj Shah                380058 20-NOV-86 CEO                                                                                                                                                                                                                                                                                                                                                                                                                                                                  
C005 Preeti Patel             390040 28-FEB-71 Clerk                                                                                                                                                                                                                                                                                                                                                                                                                                                                
C003 Dhyan Dave               387903 17-JUN-88 Doctor                                                                                                                                                                                                                                                                                                                                                                                                                                                               

SQL> update client_master set pincode=387903, OCCUPATION='Manager' where c_no='C003';

1 row updated.

SQL> select * from client_master;

C_NO CLIENT_NAME             PINCODE BIRTH_DAT OCCUPATION                                                                                                                                                                                                                                                                                                                                                                                                                                                           
---- -------------------- ---------- --------- ------------------------------                                                                                                                                                                                                                                                                                                                                                                                                                                       
C001 Kajal Oza                380036 14-JUL-87 Manager                                                                                                                                                                                                                                                                                                                                                                                                                                                              
C002 Vraj Shah                380058 20-NOV-86 CEO                                                                                                                                                                                                                                                                                                                                                                                                                                                                  
C005 Preeti Patel             390040 28-FEB-71 Clerk                                                                                                                                                                                                                                                                                                                                                                                                                                                                
C003 Dhyan Dave               387903 17-JUN-88 Manager                                                                                                                                                                                                                                                                                                                                                                                                                                                              

SQL> -- 7. Remove the product details column from Product_Master Table
SQL> alter table PRODUCT_MASTER drop column DESCRIPTION;

Table altered.

SQL> roll back;
Rollback complete.
SQL> select * from PRODUCT_MASTER;

P_NO  PROFIT_PER UNIT         QTY_HAND   RE_ORDER     SELL_P     COST_P                                                                                                                                                                                                                                                                                                                                                                                                                                             
----- ---------- ---------- ---------- ---------- ---------- ----------                                                                                                                                                                                                                                                                                                                                                                                                                                             
P001           5 PIECE             200         50        350        250                                                                                                                                                                                                                                                                                                                                                                                                                                             
P002           6 PIECE             250         40        500        350                                                                                                                                                                                                                                                                                                                                                                                                                                             
P003           6 PIECE             100         50        350        200                                                                                                                                                                                                                                                                                                                                                                                                                                             
P004           3 PIECE             100         20        820        600                                                                                                                                                                                                                                                                                                                                                                                                                                             
P005           4 Piece             300         60        450        300                                                                                                                                                                                                                                                                                                                                                                                                                                             
P006           7 Piece             120         30        700        500                                                                                                                                                                                                                                                                                                                                                                                                                                             
P007           8 Piece             250         40        150         90                                                                                                                                                                                                                                                                                                                                                                                                                                             
P008           5 Pair              180         50       1000        700                                                                                                                                                                                                                                                                                                                                                                                                                                             
P009           4 Piece             220         30        200        120                                                                                                                                                                                                                                                                                                                                                                                                                                             

9 rows selected.

SQL> rollback;

Rollback complete.

SQL> rollback;

Rollback complete.

SQL> select * from PRODUCT_MASTER;

P_NO  PROFIT_PER UNIT         QTY_HAND   RE_ORDER     SELL_P     COST_P                                                                                                                                                                                                                                                                                                                                                                                                                                             
----- ---------- ---------- ---------- ---------- ---------- ----------                                                                                                                                                                                                                                                                                                                                                                                                                                             
P001           5 PIECE             200         50        350        250                                                                                                                                                                                                                                                                                                                                                                                                                                             
P002           6 PIECE             250         40        500        350                                                                                                                                                                                                                                                                                                                                                                                                                                             
P003           6 PIECE             100         50        350        200                                                                                                                                                                                                                                                                                                                                                                                                                                             
P004           3 PIECE             100         20        820        600                                                                                                                                                                                                                                                                                                                                                                                                                                             
P005           4 Piece             300         60        450        300                                                                                                                                                                                                                                                                                                                                                                                                                                             
P006           7 Piece             120         30        700        500                                                                                                                                                                                                                                                                                                                                                                                                                                             
P007           8 Piece             250         40        150         90                                                                                                                                                                                                                                                                                                                                                                                                                                             
P008           5 Pair              180         50       1000        700                                                                                                                                                                                                                                                                                                                                                                                                                                             
P009           4 Piece             220         30        200        120                                                                                                                                                                                                                                                                                                                                                                                                                                             

9 rows selected.

SQL> -- 7. Remove the product details column from Product_Master Table
SQL> -- 8. Add column City and State in Client_Master table
SQL> desc Client_Master;
 Name                                                                                                                                                                                                                                                                                                  Null?    Type
 ----------------------------------------------------------------------------------------------------------------------------------------------------------------------------------------------------------------------------------------------------------------------------------------------------- -------- ----------------------------------------------------------------------------------------------------------------------------------------------------------------------------------------------------
 C_NO                                                                                                                                                                                                                                                                                                  NOT NULL VARCHAR2(4)
 CLIENT_NAME                                                                                                                                                                                                                                                                                           NOT NULL VARCHAR2(20)
 PINCODE                                                                                                                                                                                                                                                                                               NOT NULL NUMBER(6)
 BIRTH_DATE                                                                                                                                                                                                                                                                                            NOT NULL DATE
 OCCUPATION                                                                                                                                                                                                                                                                                            NOT NULL VARCHAR2(30)

SQL> alter table Client_Master add City varchar2(10), State varchar2(20);
alter table Client_Master add City varchar2(10), State varchar2(20)
                                               *
ERROR at line 1:
ORA-01735: invalid ALTER TABLE option 


SQL> ed
Wrote file afiedt.buf

  1* alter table Client_Master add (City varchar2(20), State varchar2(20))
SQL> /

Table altered.

SQL> desc Client_Master;
 Name                                                                                                                                                                                                                                                                                                  Null?    Type
 ----------------------------------------------------------------------------------------------------------------------------------------------------------------------------------------------------------------------------------------------------------------------------------------------------- -------- ----------------------------------------------------------------------------------------------------------------------------------------------------------------------------------------------------
 C_NO                                                                                                                                                                                                                                                                                                  NOT NULL VARCHAR2(4)
 CLIENT_NAME                                                                                                                                                                                                                                                                                           NOT NULL VARCHAR2(20)
 PINCODE                                                                                                                                                                                                                                                                                               NOT NULL NUMBER(6)
 BIRTH_DATE                                                                                                                                                                                                                                                                                            NOT NULL DATE
 OCCUPATION                                                                                                                                                                                                                                                                                            NOT NULL VARCHAR2(30)
 CITY                                                                                                                                                                                                                                                                                                           VARCHAR2(20)
 STATE                                                                                                                                                                                                                                                                                                          VARCHAR2(20)

SQL> -- 9. Increase the size of the Price Column
SQL> desc ITEM;
 Name                                                                                                                                                                                                                                                                                                  Null?    Type
 ----------------------------------------------------------------------------------------------------------------------------------------------------------------------------------------------------------------------------------------------------------------------------------------------------- -------- ----------------------------------------------------------------------------------------------------------------------------------------------------------------------------------------------------
 ITEM_NO                                                                                                                                                                                                                                                                                               NOT NULL VARCHAR2(5)
 ITEM_NAME                                                                                                                                                                                                                                                                                             NOT NULL VARCHAR2(30)
 PRICE                                                                                                                                                                                                                                                                                                 NOT NULL NUMBER(8,2)
 WEIGHT                                                                                                                                                                                                                                                                                                NOT NULL NUMBER(8,2)

SQL> set linesize 120;
SQL> desc ITEM;
 Name                                                              Null?    Type
 ----------------------------------------------------------------- -------- --------------------------------------------
 ITEM_NO                                                           NOT NULL VARCHAR2(5)
 ITEM_NAME                                                         NOT NULL VARCHAR2(30)
 PRICE                                                             NOT NULL NUMBER(8,2)
 WEIGHT                                                            NOT NULL NUMBER(8,2)

SQL> alter table ITEM modify price number(12, 3);

Table altered.

SQL> desc ITEM;
 Name                                                              Null?    Type
 ----------------------------------------------------------------- -------- --------------------------------------------
 ITEM_NO                                                           NOT NULL VARCHAR2(5)
 ITEM_NAME                                                         NOT NULL VARCHAR2(30)
 PRICE                                                             NOT NULL NUMBER(12,3)
 WEIGHT                                                            NOT NULL NUMBER(8,2)

SQL> -- 10. Add a column Mobile_No of type Number, in the Client_Master Table
SQL> desc Client_Master;
 Name                                                              Null?    Type
 ----------------------------------------------------------------- -------- --------------------------------------------
 C_NO                                                              NOT NULL VARCHAR2(4)
 CLIENT_NAME                                                       NOT NULL VARCHAR2(20)
 PINCODE                                                           NOT NULL NUMBER(6)
 BIRTH_DATE                                                        NOT NULL DATE
 OCCUPATION                                                        NOT NULL VARCHAR2(30)
 CITY                                                                       VARCHAR2(20)
 STATE                                                                      VARCHAR2(20)

SQL> alter table Client_Master add Mobile_No number(10);

Table altered.

SQL> desc Mobile_No;
ERROR:
ORA-04043: object Mobile_No does not exist 


SQL> desc Client_Master
 Name                                                              Null?    Type
 ----------------------------------------------------------------- -------- --------------------------------------------
 C_NO                                                              NOT NULL VARCHAR2(4)
 CLIENT_NAME                                                       NOT NULL VARCHAR2(20)
 PINCODE                                                           NOT NULL NUMBER(6)
 BIRTH_DATE                                                        NOT NULL DATE
 OCCUPATION                                                        NOT NULL VARCHAR2(30)
 CITY                                                                       VARCHAR2(20)
 STATE                                                                      VARCHAR2(20)
 MOBILE_NO                                                                  NUMBER(10)

SQL> -- 11. Add constraint to the Mobile_No column;
SQL> alter table MOBILE_NO add constraints MOBILE_NO CHECK(LENGTH(MOBILE_NO) = 10);CHECK(LENGTH(pinc
  2  /
alter table MOBILE_NO add constraints MOBILE_NO CHECK(LENGTH(MOBILE_NO) = 10);CHECK(LENGTH(pinc
                                                                             *
ERROR at line 1:
ORA-00911: invalid character 


SQL> ED
Wrote file afiedt.buf

  1* alter table MOBILE_NO add constraints MOBILE_NO CHECK(LENGTH(MOBILE_NO) = 10) NOT NULL
SQL> /
alter table MOBILE_NO add constraints MOBILE_NO CHECK(LENGTH(MOBILE_NO) = 10) NOT NULL
                                                                              *
ERROR at line 1:
ORA-01735: invalid ALTER TABLE option 


SQL> alter table MOBILE_NO add constraints MOBILE_NO CHECK(LENGTH(MOBILE_NO) = 10);
alter table MOBILE_NO add constraints MOBILE_NO CHECK(LENGTH(MOBILE_NO) = 10)
                                                                          *
ERROR at line 1:
ORA-00942: table or view does not exist 


SQL> ed
Wrote file afiedt.buf

  1* alter table Client_Master add constraints MOBILE_NO CHECK(LENGTH(MOBILE_NO) = 10) not null
SQL> /
alter table Client_Master add constraints MOBILE_NO CHECK(LENGTH(MOBILE_NO) = 10) not null
                                                                                  *
ERROR at line 1:
ORA-01735: invalid ALTER TABLE option 


SQL> alter table Client_Master add constraints MOBILE_NO CHECK(LENGTH(MOBILE_NO) = 10);

Table altered.

SQL> desc Client_Master;
 Name                                                              Null?    Type
 ----------------------------------------------------------------- -------- --------------------------------------------
 C_NO                                                              NOT NULL VARCHAR2(4)
 CLIENT_NAME                                                       NOT NULL VARCHAR2(20)
 PINCODE                                                           NOT NULL NUMBER(6)
 BIRTH_DATE                                                        NOT NULL DATE
 OCCUPATION                                                        NOT NULL VARCHAR2(30)
 CITY                                                                       VARCHAR2(20)
 STATE                                                                      VARCHAR2(20)
 MOBILE_NO                                                                  NUMBER(10)

SQL> insert into Client_Master values('
  2  /
ERROR:
ORA-01756: quoted string not properly terminated 


SQL> ed
Wrote file afiedt.buf

  1* insert into client_master values('C008','new',387903,'17-june-1988','Doctor', 123)
SQL> /
insert into client_master values('C008','new',387903,'17-june-1988','Doctor', 123)
            *
ERROR at line 1:
ORA-00947: not enough values 


SQL> 
SQL> 
SQL> set linesize 500;
SQL> /
insert into client_master values('C008','new',387903,'17-june-1988','Doctor', 123)
            *
ERROR at line 1:
ORA-00947: not enough values 


SQL> select * from user.constraints where table.name = 'CLIENT_MASTER';
select * from user.constraints where table.name = 'CLIENT_MASTER'
              *
ERROR at line 1:
ORA-00903: invalid table name 


SQL> ed
Wrote file afiedt.buf

  1* select * from user_constraints where table_name = 'CLIENT_MASTER'
SQL> /

OWNER                          CONSTRAINT_NAME                C TABLE_NAME                     SEARCH_CONDITION                                                                 R_OWNER                        R_CONSTRAINT_NAME              DELETE_RU STATUS   DEFERRABLE     DEFERRED  VALIDATED     GENERATED      BAD RELY LAST_CHAN INDEX_OWNER                    INDEX_NAME                     INVALID VIEW_RELATED                                                                                        
------------------------------ ------------------------------ - ------------------------------ -------------------------------------------------------------------------------- ------------------------------ ------------------------------ --------- -------- -------------- --------- ------------- -------------- --- ---- --------- ------------------------------ ------------------------------ ------- --------------                                                                                      
MCAB250013                     MOBILE_NO                      C CLIENT_MASTER                  LENGTH(MOBILE_NO) = 10                                                                                                                                   ENABLED  NOT DEFERRABLE IMMEDIATE VALIDATED     USER NAME               09-SEP-25                                                                                                                                                                           
MCAB250013                     SYS_C0032204                   C CLIENT_MASTER                  "CLIENT_NAME" IS NOT NULL                                                                                                                                ENABLED  NOT DEFERRABLE IMMEDIATE VALIDATED     GENERATED NAME          04-SEP-25                                                                                                                                                                           
MCAB250013                     SYS_C0032205                   C CLIENT_MASTER                  "PINCODE" IS NOT NULL                                                                                                                                    ENABLED  NOT DEFERRABLE IMMEDIATE VALIDATED     GENERATED NAME          04-SEP-25                                                                                                                                                                           
MCAB250013                     SYS_C0032206                   C CLIENT_MASTER                  "BIRTH_DATE" IS NOT NULL                                                                                                                                 ENABLED  NOT DEFERRABLE IMMEDIATE VALIDATED     GENERATED NAME          04-SEP-25                                                                                                                                                                           
MCAB250013                     SYS_C0032207                   C CLIENT_MASTER                  "OCCUPATION" IS NOT NULL                                                                                                                                 ENABLED  NOT DEFERRABLE IMMEDIATE VALIDATED     GENERATED NAME          04-SEP-25                                                                                                                                                                           
MCAB250013                     SYS_C0032208                   C CLIENT_MASTER                  c_no like 'C%'                                                                                                                                           ENABLED  NOT DEFERRABLE IMMEDIATE VALIDATED     GENERATED NAME          04-SEP-25                                                                                                                                                                           
MCAB250013                     SYS_C0032209                   C CLIENT_MASTER                  LENGTH(pincode)=6                                                                                                                                        ENABLED  NOT DEFERRABLE IMMEDIATE VALIDATED     GENERATED NAME          04-SEP-25                                                                                                                                                                           
MCAB250013                     SYS_C0032210                   P CLIENT_MASTER                                                                                                                                                                           ENABLED  NOT DEFERRABLE IMMEDIATE VALIDATED     GENERATED NAME          04-SEP-25 MCAB250013                     SYS_C0032210                                                                                                                               

8 rows selected.

SQL> alter table Client_Master add constraints MOBILE_NO CHECK(LENGTH(MOBILE_NO) = 10);
alter table Client_Master add constraints MOBILE_NO CHECK(LENGTH(MOBILE_NO) = 10)
                                          *
ERROR at line 1:
ORA-02264: name already used by an existing constraint 


SQL> 
