-- 26. Display all the employees according to their seniority of joining
SQL> set pagesize 80;
SQL> set linesize 120;
SQL> -- 26. Display all the employees according to their seniority of joining
SQL> select * from emp order by hiredate;

     EMPNO ENAME      JOB              MGR HIREDATE         SAL       COMM     DEPTNO                                   
---------- ---------- --------- ---------- --------- ---------- ---------- ----------                                   
      7369 SMITH      CLERK           7902 17-DEC-80        800                    20                                   
      7499 ALLEN      SALESMAN        7698 20-FEB-81       1600        300         30                                   
      7521 WARD       SALESMAN        7698 22-FEB-81       1250        500         30                                   
      7566 JONES      MANAGER         7839 02-APR-81       2975                    20                                   
      7698 BLAKE      MANAGER         7839 01-MAY-81       2850                    30                                   
      7782 CLARK      MANAGER         7839 09-JUN-81       2450                    10                                   
      7844 TURNER     SALESMAN        7698 08-SEP-81       1500          0         30                                   
      7654 MARTIN     SALESMAN        7698 28-SEP-81       1250       1400         30                                   
      7839 KING       PRESIDENT            17-NOV-81       5000                    10                                   
      7900 JAMES      CLERK           7698 03-DEC-81        950                    30                                   
      7902 FORD       ANALYST         7566 03-DEC-81       3000                    20                                   
      7934 MILLER     CLERK           7782 23-JAN-82       1300                    10                                   
      7788 SCOTT      ANALYST         7566 19-APR-87       3000                    20                                   
      7876 ADAMS      CLERK           7788 23-MAY-87       1100                    20                                   

14 rows selected.

SQL> -- 27. Display the employees who are either 'Analyst', 'President' or 'Manager'
SQL> select * from emp where job in('ANALYST', 'PRESIDENT', 'MANAGER');

     EMPNO ENAME      JOB              MGR HIREDATE         SAL       COMM     DEPTNO                                   
---------- ---------- --------- ---------- --------- ---------- ---------- ----------                                   
      7566 JONES      MANAGER         7839 02-APR-81       2975                    20                                   
      7698 BLAKE      MANAGER         7839 01-MAY-81       2850                    30                                   
      7782 CLARK      MANAGER         7839 09-JUN-81       2450                    10                                   
      7788 SCOTT      ANALYST         7566 19-APR-87       3000                    20                                   
      7839 KING       PRESIDENT            17-NOV-81       5000                    10                                   
      7902 FORD       ANALYST         7566 03-DEC-81       3000                    20                                   

6 rows selected.

SQL> -- 28. Display all the Salesman joined in month of September and getting salary more than or equal to 1500
SQL> SELECT * from emp where hiredate like '%FEB%' AND sal >= 1500;

     EMPNO ENAME      JOB              MGR HIREDATE         SAL       COMM     DEPTNO                                   
---------- ---------- --------- ---------- --------- ---------- ---------- ----------                                   
      7499 ALLEN      SALESMAN        7698 20-FEB-81       1600        300         30                                   

SQL> -- 29. Display the job type of an employee of department number 30 and getting salary more than 1500
SQL> ed
Wrote file afiedt.buf

  1* SELECT * from emp where deptno=30 AND sal >= 1500
SQL> /

     EMPNO ENAME      JOB              MGR HIREDATE         SAL       COMM     DEPTNO                                   
---------- ---------- --------- ---------- --------- ---------- ---------- ----------                                   
      7499 ALLEN      SALESMAN        7698 20-FEB-81       1600        300         30                                   
      7698 BLAKE      MANAGER         7839 01-MAY-81       2850                    30                                   
      7844 TURNER     SALESMAN        7698 08-SEP-81       1500          0         30                                   

SQL> -- 30. Display the unique job titles of employees in department number 20
SQL> select distinct(job) from emp where deptno=20;

JOB                                                                                                                     
---------                                                                                                               
CLERK                                                                                                                   
MANAGER                                                                                                                 
ANALYST                                                                                                                 

SQL> -- 31. Display all the employees in a sorted order to their salary highest to lowest, hiredate latest to oldest.
SQL> select * from emp where order by (sal) && order by(hiredate);
Enter value for order: sal
old   1: select * from emp where order by (sal) && order by(hiredate)
new   1: select * from emp where order by (sal) sal by(hiredate)
select * from emp where order by (sal) sal by(hiredate)
                        *
ERROR at line 1:
ORA-00936: missing expression 


SQL> ed
Wrote file afiedt.buf

  1* select * from emp where order by (sal) AND order by(hiredate)
SQL> /
select * from emp where order by (sal) AND order by(hiredate)
                        *
ERROR at line 1:
ORA-00936: missing expression 


SQL> ed
Wrote file afiedt.buf

  1* select * from emp order by (sal) AND order by(hiredate)
SQL> /
select * from emp order by (sal) AND order by(hiredate)
                                 *
ERROR at line 1:
ORA-00933: SQL command not properly ended 


SQL> ed
Wrote file afiedt.buf

  1* select * from emp order by (sal) where AND order by(hiredate)
SQL> /
select * from emp order by (sal) where AND order by(hiredate)
                                 *
ERROR at line 1:
ORA-00933: SQL command not properly ended 


SQL> ed
Wrote file afiedt.buf

  1* select * from emp order by (sal) as (select * from emp order by(hiredate))
SQL> /
select * from emp order by (sal) as (select * from emp order by(hiredate))
                                 *
ERROR at line 1:
ORA-00933: SQL command not properly ended 


SQL> ed
Wrote file afiedt.buf

  1* select * from emp order by sal, hiredate
SQL> /

     EMPNO ENAME      JOB              MGR HIREDATE         SAL       COMM     DEPTNO                                   
---------- ---------- --------- ---------- --------- ---------- ---------- ----------                                   
      7369 SMITH      CLERK           7902 17-DEC-80        800                    20                                   
      7900 JAMES      CLERK           7698 03-DEC-81        950                    30                                   
      7876 ADAMS      CLERK           7788 23-MAY-87       1100                    20                                   
      7521 WARD       SALESMAN        7698 22-FEB-81       1250        500         30                                   
      7654 MARTIN     SALESMAN        7698 28-SEP-81       1250       1400         30                                   
      7934 MILLER     CLERK           7782 23-JAN-82       1300                    10                                   
      7844 TURNER     SALESMAN        7698 08-SEP-81       1500          0         30                                   
      7499 ALLEN      SALESMAN        7698 20-FEB-81       1600        300         30                                   
      7782 CLARK      MANAGER         7839 09-JUN-81       2450                    10                                   
      7698 BLAKE      MANAGER         7839 01-MAY-81       2850                    30                                   
      7566 JONES      MANAGER         7839 02-APR-81       2975                    20                                   
      7902 FORD       ANALYST         7566 03-DEC-81       3000                    20                                   
      7788 SCOTT      ANALYST         7566 19-APR-87       3000                    20                                   
      7839 KING       PRESIDENT            17-NOV-81       5000                    10                                   

14 rows selected.

SQL> -- 32. Display all the employees in a sorted order of their job title and salary.
SQL> select * from emp order by job, sal;

     EMPNO ENAME      JOB              MGR HIREDATE         SAL       COMM     DEPTNO                                   
---------- ---------- --------- ---------- --------- ---------- ---------- ----------                                   
      7902 FORD       ANALYST         7566 03-DEC-81       3000                    20                                   
      7788 SCOTT      ANALYST         7566 19-APR-87       3000                    20                                   
      7369 SMITH      CLERK           7902 17-DEC-80        800                    20                                   
      7900 JAMES      CLERK           7698 03-DEC-81        950                    30                                   
      7876 ADAMS      CLERK           7788 23-MAY-87       1100                    20                                   
      7934 MILLER     CLERK           7782 23-JAN-82       1300                    10                                   
      7782 CLARK      MANAGER         7839 09-JUN-81       2450                    10                                   
      7698 BLAKE      MANAGER         7839 01-MAY-81       2850                    30                                   
      7566 JONES      MANAGER         7839 02-APR-81       2975                    20                                   
      7839 KING       PRESIDENT            17-NOV-81       5000                    10                                   
      7654 MARTIN     SALESMAN        7698 28-SEP-81       1250       1400         30                                   
      7521 WARD       SALESMAN        7698 22-FEB-81       1250        500         30                                   
      7844 TURNER     SALESMAN        7698 08-SEP-81       1500          0         30                                   
      7499 ALLEN      SALESMAN        7698 20-FEB-81       1600        300         30                                   

14 rows selected.

SQL> -- 33. Display employees in a sorted order of their salary who are clerk.
SQL> select * from where job = 'CLERK' order by sal;
select * from where job = 'CLERK' order by sal
              *
ERROR at line 1:
ORA-00903: invalid table name 


SQL> ed
Wrote file afiedt.buf

  1* select * from emp where job = 'CLERK' order by sal
SQL> /

     EMPNO ENAME      JOB              MGR HIREDATE         SAL       COMM     DEPTNO                                   
---------- ---------- --------- ---------- --------- ---------- ---------- ----------                                   
      7369 SMITH      CLERK           7902 17-DEC-80        800                    20                                   
      7900 JAMES      CLERK           7698 03-DEC-81        950                    30                                   
      7876 ADAMS      CLERK           7788 23-MAY-87       1100                    20                                   
      7934 MILLER     CLERK           7782 23-JAN-82       1300                    10                                   

SQL> -- 34. Display all the managers according to their salary highest to lowest
SQL> select * from order by sal desc;
select * from order by sal desc
              *
ERROR at line 1:
ORA-00903: invalid table name 


SQL> ed
Wrote file afiedt.buf

  1* select * from emp order by sal desc
SQL> /

     EMPNO ENAME      JOB              MGR HIREDATE         SAL       COMM     DEPTNO                                   
---------- ---------- --------- ---------- --------- ---------- ---------- ----------                                   
      7839 KING       PRESIDENT            17-NOV-81       5000                    10                                   
      7902 FORD       ANALYST         7566 03-DEC-81       3000                    20                                   
      7788 SCOTT      ANALYST         7566 19-APR-87       3000                    20                                   
      7566 JONES      MANAGER         7839 02-APR-81       2975                    20                                   
      7698 BLAKE      MANAGER         7839 01-MAY-81       2850                    30                                   
      7782 CLARK      MANAGER         7839 09-JUN-81       2450                    10                                   
      7499 ALLEN      SALESMAN        7698 20-FEB-81       1600        300         30                                   
      7844 TURNER     SALESMAN        7698 08-SEP-81       1500          0         30                                   
      7934 MILLER     CLERK           7782 23-JAN-82       1300                    10                                   
      7521 WARD       SALESMAN        7698 22-FEB-81       1250        500         30                                   
      7654 MARTIN     SALESMAN        7698 28-SEP-81       1250       1400         30                                   
      7876 ADAMS      CLERK           7788 23-MAY-87       1100                    20                                   
      7900 JAMES      CLERK           7698 03-DEC-81        950                    30                                   
      7369 SMITH      CLERK           7902 17-DEC-80        800                    20                                   

14 rows selected.

SQL> -- 35. Display all the employees who have joined either on 3rd or 23rd date of any month in any year.
SQL> select * from emp where hiredate like '03%' OR hiredate like '23%';

     EMPNO ENAME      JOB              MGR HIREDATE         SAL       COMM     DEPTNO                                   
---------- ---------- --------- ---------- --------- ---------- ---------- ----------                                   
      7876 ADAMS      CLERK           7788 23-MAY-87       1100                    20                                   
      7900 JAMES      CLERK           7698 03-DEC-81        950                    30                                   
      7902 FORD       ANALYST         7566 03-DEC-81       3000                    20                                   
      7934 MILLER     CLERK           7782 23-JAN-82       1300                    10                                   

SQL> -- 34. Display all the managers according to their salary highest to lowest
SQL> select * from emp where job = 'MANAGER' order by sal desc;

     EMPNO ENAME      JOB              MGR HIREDATE         SAL       COMM     DEPTNO                                   
---------- ---------- --------- ---------- --------- ---------- ---------- ----------                                   
      7566 JONES      MANAGER         7839 02-APR-81       2975                    20                                   
      7698 BLAKE      MANAGER         7839 01-MAY-81       2850                    30                                   
      7782 CLARK      MANAGER         7839 09-JUN-81       2450                    10                                   

SQL> -- 31. Display all the employees in a sorted order to their salary highest to lowest, hiredate latest to oldest.
SQL> select * from emp order by sal, hiredate desc;

     EMPNO ENAME      JOB              MGR HIREDATE         SAL       COMM     DEPTNO                                   
---------- ---------- --------- ---------- --------- ---------- ---------- ----------                                   
      7369 SMITH      CLERK           7902 17-DEC-80        800                    20                                   
      7900 JAMES      CLERK           7698 03-DEC-81        950                    30                                   
      7876 ADAMS      CLERK           7788 23-MAY-87       1100                    20                                   
      7654 MARTIN     SALESMAN        7698 28-SEP-81       1250       1400         30                                   
      7521 WARD       SALESMAN        7698 22-FEB-81       1250        500         30                                   
      7934 MILLER     CLERK           7782 23-JAN-82       1300                    10                                   
      7844 TURNER     SALESMAN        7698 08-SEP-81       1500          0         30                                   
      7499 ALLEN      SALESMAN        7698 20-FEB-81       1600        300         30                                   
      7782 CLARK      MANAGER         7839 09-JUN-81       2450                    10                                   
      7698 BLAKE      MANAGER         7839 01-MAY-81       2850                    30                                   
      7566 JONES      MANAGER         7839 02-APR-81       2975                    20                                   
      7788 SCOTT      ANALYST         7566 19-APR-87       3000                    20                                   
      7902 FORD       ANALYST         7566 03-DEC-81       3000                    20                                   
      7839 KING       PRESIDENT            17-NOV-81       5000                    10                                   

14 rows selected.

SQL> -- 32. Display all the employees in a sorted order of their job title and salary.
SQL> select * from emp order by job, sal desc;

     EMPNO ENAME      JOB              MGR HIREDATE         SAL       COMM     DEPTNO                                   
---------- ---------- --------- ---------- --------- ---------- ---------- ----------                                   
      7902 FORD       ANALYST         7566 03-DEC-81       3000                    20                                   
      7788 SCOTT      ANALYST         7566 19-APR-87       3000                    20                                   
      7934 MILLER     CLERK           7782 23-JAN-82       1300                    10                                   
      7876 ADAMS      CLERK           7788 23-MAY-87       1100                    20                                   
      7900 JAMES      CLERK           7698 03-DEC-81        950                    30                                   
      7369 SMITH      CLERK           7902 17-DEC-80        800                    20                                   
      7566 JONES      MANAGER         7839 02-APR-81       2975                    20                                   
      7698 BLAKE      MANAGER         7839 01-MAY-81       2850                    30                                   
      7782 CLARK      MANAGER         7839 09-JUN-81       2450                    10                                   
      7839 KING       PRESIDENT            17-NOV-81       5000                    10                                   
      7499 ALLEN      SALESMAN        7698 20-FEB-81       1600        300         30                                   
      7844 TURNER     SALESMAN        7698 08-SEP-81       1500          0         30                                   
      7654 MARTIN     SALESMAN        7698 28-SEP-81       1250       1400         30                                   
      7521 WARD       SALESMAN        7698 22-FEB-81       1250        500         30                                   

14 rows selected.

SQL> -- 31. Display all the employees in a sorted order to their salary highest to lowest, hiredate latest to oldest.
SQL> ed
Wrote file afiedt.buf

  1* select * from emp order by sal desc
SQL> /

     EMPNO ENAME      JOB              MGR HIREDATE         SAL       COMM     DEPTNO                                   
---------- ---------- --------- ---------- --------- ---------- ---------- ----------                                   
      7839 KING       PRESIDENT            17-NOV-81       5000                    10                                   
      7902 FORD       ANALYST         7566 03-DEC-81       3000                    20                                   
      7788 SCOTT      ANALYST         7566 19-APR-87       3000                    20                                   
      7566 JONES      MANAGER         7839 02-APR-81       2975                    20                                   
      7698 BLAKE      MANAGER         7839 01-MAY-81       2850                    30                                   
      7782 CLARK      MANAGER         7839 09-JUN-81       2450                    10                                   
      7499 ALLEN      SALESMAN        7698 20-FEB-81       1600        300         30                                   
      7844 TURNER     SALESMAN        7698 08-SEP-81       1500          0         30                                   
      7934 MILLER     CLERK           7782 23-JAN-82       1300                    10                                   
      7521 WARD       SALESMAN        7698 22-FEB-81       1250        500         30                                   
      7654 MARTIN     SALESMAN        7698 28-SEP-81       1250       1400         30                                   
      7876 ADAMS      CLERK           7788 23-MAY-87       1100                    20                                   
      7900 JAMES      CLERK           7698 03-DEC-81        950                    30                                   
      7369 SMITH      CLERK           7902 17-DEC-80        800                    20                                   

14 rows selected.

SQL> ed
Wrote file afiedt.buf

  1* select * from emp order by hiredate desc
SQL> /

     EMPNO ENAME      JOB              MGR HIREDATE         SAL       COMM     DEPTNO                                   
---------- ---------- --------- ---------- --------- ---------- ---------- ----------                                   
      7876 ADAMS      CLERK           7788 23-MAY-87       1100                    20                                   
      7788 SCOTT      ANALYST         7566 19-APR-87       3000                    20                                   
      7934 MILLER     CLERK           7782 23-JAN-82       1300                    10                                   
      7902 FORD       ANALYST         7566 03-DEC-81       3000                    20                                   
      7900 JAMES      CLERK           7698 03-DEC-81        950                    30                                   
      7839 KING       PRESIDENT            17-NOV-81       5000                    10                                   
      7654 MARTIN     SALESMAN        7698 28-SEP-81       1250       1400         30                                   
      7844 TURNER     SALESMAN        7698 08-SEP-81       1500          0         30                                   
      7782 CLARK      MANAGER         7839 09-JUN-81       2450                    10                                   
      7698 BLAKE      MANAGER         7839 01-MAY-81       2850                    30                                   
      7566 JONES      MANAGER         7839 02-APR-81       2975                    20                                   
      7521 WARD       SALESMAN        7698 22-FEB-81       1250        500         30                                   
      7499 ALLEN      SALESMAN        7698 20-FEB-81       1600        300         30                                   
      7369 SMITH      CLERK           7902 17-DEC-80        800                    20                                   

14 rows selected.

SQL> -- 32. Display all the employees in a sorted order of their job title and salary.
SQL> ed
Wrote file afiedt.buf

  1* select * from emp order by job desc
SQL> /

     EMPNO ENAME      JOB              MGR HIREDATE         SAL       COMM     DEPTNO                                   
---------- ---------- --------- ---------- --------- ---------- ---------- ----------                                   
      7499 ALLEN      SALESMAN        7698 20-FEB-81       1600        300         30                                   
      7521 WARD       SALESMAN        7698 22-FEB-81       1250        500         30                                   
      7844 TURNER     SALESMAN        7698 08-SEP-81       1500          0         30                                   
      7654 MARTIN     SALESMAN        7698 28-SEP-81       1250       1400         30                                   
      7839 KING       PRESIDENT            17-NOV-81       5000                    10                                   
      7698 BLAKE      MANAGER         7839 01-MAY-81       2850                    30                                   
      7566 JONES      MANAGER         7839 02-APR-81       2975                    20                                   
      7782 CLARK      MANAGER         7839 09-JUN-81       2450                    10                                   
      7934 MILLER     CLERK           7782 23-JAN-82       1300                    10                                   
      7369 SMITH      CLERK           7902 17-DEC-80        800                    20                                   
      7876 ADAMS      CLERK           7788 23-MAY-87       1100                    20                                   
      7900 JAMES      CLERK           7698 03-DEC-81        950                    30                                   
      7902 FORD       ANALYST         7566 03-DEC-81       3000                    20                                   
      7788 SCOTT      ANALYST         7566 19-APR-87       3000                    20                                   

14 rows selected.

SQL> ed
Wrote file afiedt.buf

  1* select * from emp order by sal desc
SQL> /

     EMPNO ENAME      JOB              MGR HIREDATE         SAL       COMM     DEPTNO                                   
---------- ---------- --------- ---------- --------- ---------- ---------- ----------                                   
      7839 KING       PRESIDENT            17-NOV-81       5000                    10                                   
      7902 FORD       ANALYST         7566 03-DEC-81       3000                    20                                   
      7788 SCOTT      ANALYST         7566 19-APR-87       3000                    20                                   
      7566 JONES      MANAGER         7839 02-APR-81       2975                    20                                   
      7698 BLAKE      MANAGER         7839 01-MAY-81       2850                    30                                   
      7782 CLARK      MANAGER         7839 09-JUN-81       2450                    10                                   
      7499 ALLEN      SALESMAN        7698 20-FEB-81       1600        300         30                                   
      7844 TURNER     SALESMAN        7698 08-SEP-81       1500          0         30                                   
      7934 MILLER     CLERK           7782 23-JAN-82       1300                    10                                   
      7521 WARD       SALESMAN        7698 22-FEB-81       1250        500         30                                   
      7654 MARTIN     SALESMAN        7698 28-SEP-81       1250       1400         30                                   
      7876 ADAMS      CLERK           7788 23-MAY-87       1100                    20                                   
      7900 JAMES      CLERK           7698 03-DEC-81        950                    30                                   
      7369 SMITH      CLERK           7902 17-DEC-80        800                    20                                   

14 rows selected.

SQL> -- create table with construnt
SQL> ed
Wrote file afiedt.buf

  1  CREATE TABLE student_cons (
  2  	rollno VARCHAR2(5) CHECK(rollno LIKE 'B%') PRIMARY KEY,
  3  	name VARCHAR2(20) NOT NULL,
  4  	pincode NUMBER(6) CHECK(LENGTH(pincode) = 6) NOT NULL,
  5  	degree VARCHAR2(10) CHECK(degree IN('BCA', 'BCOM'))
  6* )
SQL> /

Table created.

SQL> DESC student_cons;
 Name                                                              Null?    Type
 ----------------------------------------------------------------- -------- --------------------------------------------
 ROLLNO                                                            NOT NULL VARCHAR2(5)
 NAME                                                              NOT NULL VARCHAR2(20)
 PINCODE                                                           NOT NULL NUMBER(6)
 DEGREE                                                                     VARCHAR2(10)

SQL> 
